accession_iedb	accession_representative	percent_identity	length	mismatch	gapopen	evalue	bitscore	iedb_epitope_sequence	number_of_positive_B_cell_assay	number_of_positive_T_cell_assay	start_accumulated	end_accumulated
462	1	100	17	0	0	5.00e-09	38.9	AATKMSECVLGQSKRVD	1	0	8122	8138
475	9	93	15	1	0	7.46e-06	29.6	AAIVLQLPQGTTLPK	2	0	9450	9464
956	9	100	10	0	0	3.00e-03	21.9	AEGSRGGSQA	0	3	9468	9477
1295	9	100	18	0	0	2.95e-10	42.4	AFFGMSRIGMEVTPSGTW	0	1	9608	9625
1460	1	88	17	2	0	3.59e-09	39.3	AGCLIGAEHVNNSYECD	1	0	7744	7760
2027	0	100	9	0	0	2.00e-03	22.3	AIMTRCLAV	0	2	6199	6207
2092	1	100	17	0	0	5.09e-08	36.2	AISSVLNDILSRLDKVE	1	0	8069	8085
2682	0	100	9	0	0	2.00e-03	22.7	ALLADKFPV	0	2	6245	6253
2801	1	100	9	0	0	7.00e-03	20.8	ALNTLVKQL	0	2	8055	8063
2802	9	100	9	0	0	1.00e-03	23.1	ALNTPKDHI	0	2	9433	9441
2855	0	100	9	0	0	6.00e-03	20.8	ALRANSAVK	0	2	4130	4138
2998	0	100	9	0	0	7.07e-04	23.5	ALWEIQQVV	0	2	4094	4102
3076	2	88	17	2	0	2.15e-07	34.3	VMEPIYDEPTTTTSVPL	1	0	8629	8645
3176	1	100	8	0	0	2.00e-03	22.3	AMQMAYRF	2	0	7996	8003
3324	9	86	15	2	0	6.16e-07	32.7	ANKDGIIWVATEGAL	0	1	9420	9434
3325	9	87	16	2	0	1.44e-07	34.7	ANKDGIIWVATEGALN	1	0	9420	9435
3779	9	83	18	3	0	1.43e-07	35.0	APRITFGGPSDSTGSNQN	1	0	9307	9324
3957	9	100	15	0	0	8.67e-07	32.3	AQFAPSASAFFGMSR	0	4	9600	9614
3958	9	100	18	0	0	4.75e-09	38.9	AQFAPSASAFFGMSRIGM	0	1	9600	9617
3983	1	94	17	1	0	1.79e-08	37.4	AQKFNGLTVLPPLLTDE	1	0	7949	7965
4838	9	90	21	2	0	1.38e-11	46.6	ASWFTALTQHGKEDLKFPRGQ	1	0	9345	9365
5209	0	100	9	0	0	1.20e-02	20.0	ATVVIGTSK	0	3	4977	4985
5447	0	100	9	0	0	2.00e-03	22.3	AVLQSGFRK	0	2	3260	3268
5773	1	82	17	3	0	8.72e-08	35.4	AHFPREGVFVSNGTHWF	1	0	8184	8200
5927	1	82	17	3	0	1.01e-06	32.3	AYSNNSIAIPTNFTISV	1	0	7803	7819
6011	1	91	23	2	0	5.11e-12	47.8	CSNLLLQYGSFCTQLNRALTGIA	1	0	7846	7868
6110	1	93	15	1	0	5.29e-08	35.8	CDIPIGAGICASYQT	1	0	7759	7773
6333	1	80	42	8	0	4.29e-21	74.7	CGPKKSTNLVKNKCVNFNFNGLTGTGVLTESNKKFLPFQQFG	1	0	7622	7663
6476	1	100	20	0	0	1.41e-12	49.3	CKFDEDDSEPVLKGVKLHYT	1	0	8351	8370
6668	1	100	10	0	0	3.25e-05	27.7	CMTSCCSCLK	0	4	8333	8342
7383	1	88	17	2	0	4.02e-08	36.2	CYGVSPTKLNDLCFTNV	1	0	7476	7492
7808	9	90	20	2	0	2.94e-10	42.7	DDKDPNFKDQVILLNKHIDA	1	0	9635	9654
7868	1	100	15	0	0	2.85e-08	36.6	DDSEPVLKGVKLHYT	1	0	8356	8370
8239	1	94	17	1	0	1.20e-10	43.5	DFCGKGYHLMSFPQSAP	1	0	8138	8154
9094	1	100	17	0	0	2.24e-08	37.0	DLGDISGINASVVNIQK	1	0	8262	8278
10112	1	100	10	0	0	1.23e-04	25.8	DSFKEELDKY	0	2	8243	8252
10686	0	100	8	0	0	4.00e-03	21.2	DVNLHSSR	4	0	4750	4757
10778	1	100	17	0	0	7.76e-08	35.4	DVVNQNAQALNTLVKQL	1	0	8047	8063
11038	1	100	17	0	0	1.50e-08	37.7	EAEVQIDRLITGRLQSL	1	0	8085	8101
11189	9	82	17	3	0	8.90e-08	35.4	EAGLPYGANKDGIIWVA	1	0	9413	9429
12426	1	100	28	0	0	8.62e-17	61.6	EIDRLNEVAKNLNESLIDLQELGKYEQY	1	0	8279	8306
13680	9	81	16	3	0	2.60e+00	14.6	EPKKDKKKKADETQAL	1	0	9662	9677
14626	1	100	17	0	0	1.65e-08	37.4	EVAKNLNESLIDLQELG	1	0	8285	8301
15814	9	100	17	0	0	7.75e-10	41.2	FFGMSRIGMEVTPSGTW	1	0	9609	9625
15903	1	93	16	1	0	1.37e-07	34.7	FSTFKCYGVSPTKLND	1	0	7471	7486
15972	1	100	8	0	0	1.10e-02	20.0	FGEVFNAT	2	0	7435	7442
16156	1	100	9	0	0	6.00e-03	21.2	FIAGLIAIV	0	9	8317	8325
16183	1	100	17	0	0	6.14e-09	38.5	FIEDLLFNKVTLADAGF	1	0	7914	7930
16632	0	100	9	0	0	1.00e-03	23.5	FLGRYMSAL	0	2	1642	1650
16737	0	100	9	0	0	1.00e-03	22.7	FLLNKEMYL	0	3	3183	3191
16779	0	100	9	0	0	6.54e-04	23.9	FLNGSCGSV	0	3	3403	3411
16786	0	100	9	0	0	3.00e-03	21.9	FLNRFTTTL	0	3	3482	3490
16820	0	100	9	0	0	1.00e-03	23.1	FLPRVFSAV	0	4	2884	2892
17354	0	88	9	1	0	3.00e-03	21.9	FPLTSFGPL	0	2	4713	4721
17657	0	100	9	0	0	3.48e-04	24.6	FRYMNSQGL	0	2	3820	3828
18103	0	100	10	0	0	1.36e-04	25.8	FTYASALWEI	0	3	4089	4098
18133	0	100	9	0	0	6.93e-04	23.9	FVDGVPFVV	0	4	4726	4734
18515	1	100	17	0	0	9.39e-10	40.8	GAALQIPFAMQMAYRFN	1	0	7988	8004
18594	1	100	8	0	0	3.00e-03	21.6	GAGICASY	6	0	7764	7771
18671	9	94	19	1	0	2.18e-09	40.0	GALNTPKDHIGTRNPANNA	1	0	9432	9450
18814	4	83	18	3	0	4.45e-08	36.2	GAVILRGHLRIAGHHLGR	1	0	8862	8879
19585	1	82	17	3	0	1.93e-08	37.4	GFIKQYGDCLGDIAARD	1	0	7929	7945
20288	1	94	17	1	0	1.55e-07	34.7	GIGVTQNVLYENQKLIA	1	0	8005	8021
21041	4	88	9	1	0	3.00e-03	22.3	GLMWLSYFI	0	2	8810	8818
21065	9	100	18	0	0	3.63e-10	42.4	GLPNNTASWFTALTQHGK	1	0	9339	9356
21264	9	94	18	1	0	1.20e-08	37.7	GMEVTPSGTWLTYTGAIK	0	1	9616	9633
21347	9	100	9	0	0	1.00e-03	23.1	GMSRIGMEV	0	3	9611	9619
21424	9	94	18	1	0	1.92e-10	43.1	GNFGDQELIRQGTDYKHW	1	0	9579	9596
21996	4	100	18	0	0	2.46e-10	42.7	GRCDIKDLPKEITVATSR	1	0	8878	8895
22152	9	85	14	2	0	1.17e-04	26.6	RSGARSKQRRPQGL	1	0	9327	9340
22321	1	100	8	0	0	5.00e-03	21.2	GSFCTQLN	4	0	7854	7861
22322	1	100	9	0	0	8.76e-04	23.5	GSFCTQLNR	0	2	7854	7862
22855	9	100	6	0	0	2.20e-01	15.8	GTTLPK	2	0	9459	9464
22916	0	100	9	0	0	5.60e-04	23.9	GVAMPNLYK	0	3	6806	6814
23437	1	94	17	1	0	2.80e-08	37.0	GYQPYRVVVLSFELLHA	1	0	7601	7617
23520	1	82	17	3	0	8.24e-09	38.1	HADQLTPTWRVYSTGSN	1	0	7722	7738
23685	1	83	12	2	0	1.26e-05	28.9	HDGKAHFPREGV	2	0	8180	8191
23917	9	87	16	2	0	3.19e-07	33.9	HGKEDLKFPRGQGVPI	1	0	9354	9369
24313	5	100	9	0	0	2.00e-03	21.9	HLVDFQVTI	0	3	8946	8954
25031	1	88	17	2	0	1.94e-09	40.0	HVNNSYECDIPIGAGIC	1	0	7752	7768
25219	1	82	17	3	0	3.41e-07	33.9	IAVEQDKNTQEVFAQVK	1	0	7867	7883
25250	1	88	17	2	0	3.42e-09	39.3	IADYNYKLPDDFTGCVI	1	0	7515	7531
25293	1	94	17	1	0	1.13e-08	37.7	IAGLIAIVMVTIMLCCM	1	0	8318	8334
25378	1	94	17	1	0	1.37e-08	37.7	IAPGQTGKIADYNYKLP	1	0	7507	7523
26273	9	100	14	0	0	6.69e-08	35.4	IGMEVTPSGTWLTY	0	1	9615	9628
26329	9	87	16	2	0	2.12e-05	28.5	IGTRNPANNAAIVLQL	1	0	9441	9456
26710	1	100	9	0	0	9.00e-03	20.4	IITTDNTFV	0	1	8211	8219
26838	9	88	17	2	0	8.55e-08	35.4	IKLDDKDPNFKDQVILL	0	1	9632	9648
27078	0	100	9	0	0	2.00e-03	22.3	ILGLPTQTV	0	2	5849	5857
27089	0	100	9	0	0	3.99e-04	24.3	ILHCANFNV	0	2	4699	4707
27182	9	100	9	0	0	2.00e-03	22.7	ILLNKHIDA	0	3	9646	9654
27357	1	100	17	0	0	2.37e-08	37.0	ILSRLDKVEAEVQIDRL	1	0	8077	8093
27516	7	100	10	0	0	2.00e-03	21.9	IMLIIFWFSL	0	2	9150	9159
28050	0	100	9	0	0	1.00e-03	23.1	IPRRNVATL	0	2	5916	5924
28199	0	100	9	0	0	7.20e-04	23.5	IQPGQTFSV	0	1	3369	3377
28371	9	100	17	0	0	4.75e-10	42.0	IRQGTDYKHWPQIAQFA	1	1	9587	9603
28464	0	100	9	0	0	4.35e-04	24.3	ISDYDYYRY	0	2	4842	4850
28643	1	88	17	2	0	6.90e-08	35.8	ITPCSFGGVSVITPGTN	1	0	7684	7700
29127	4	100	8	0	0	8.10e-02	17.7	ITVATSRT	6	0	8889	8896
29128	4	87	8	1	0	6.40e-02	18.1	ITVEELKK	6	0	8729	8736
29129	4	94	17	1	0	3.27e-07	33.9	ITVEELKKLLEQWNLVI	1	0	8729	8745
29237	0	100	9	0	0	1.80e-02	19.6	IVDTVSALV	0	1	5772	5780
29504	9	94	17	1	0	1.04e-09	40.8	IIWVATEGALNTPKDHI	1	0	9425	9441
30987	1	100	8	0	0	1.10e-02	20.0	KGIYQTSN	2	0	7407	7414
31116	9	100	20	0	0	2.02e-09	40.4	KHIDAYKTFPPTEPKKDKKK	1	0	9650	9669
31166	9	100	17	0	0	2.55e-09	39.7	KHWPQIAQFAPSASAFF	1	1	9594	9610
31581	1	93	16	1	0	1.62e-07	34.7	KRISNCVADYSVLYNS	1	0	7453	7468
31582	1	93	16	1	0	1.73e-07	34.7	KRISNCVADYSVLYNS	0	1	7453	7468
31679	9	88	17	2	0	1.46e-06	32.0	KKQQTVTLLPAADLDDF	1	0	9682	9698
31692	9	100	17	0	0	5.83e-07	33.1	KKSAAEASKKPRQKRTA	1	0	9543	9559
31693	9	96	25	1	0	8.74e-12	47.4	KKSAAEASKKPRQKRTATKAYNVTQ	1	0	9543	9567
31707	9	83	12	2	0	2.00e-03	22.7	DETQALPQRQKK	1	0	9672	9683
31780	9	87	16	2	0	4.15e-07	33.5	KLDDKDPNFKDQVILL	1	0	9633	9648
31833	0	100	9	0	0	5.00e-03	21.2	KLFAAETLK	0	1	5455	5463
31846	6	100	9	0	0	6.00e-03	21.2	KLFIRQEEV	0	2	9091	9099
32037	1	88	17	2	0	3.80e-08	36.6	KLNDLCFTNVYADSFVI	1	0	7483	7499
32059	4	83	18	3	0	9.51e-08	35.4	KLNTDHSSSSDNIALLVQ	1	0	8926	8943
32060	0	100	9	0	0	1.00e-03	23.1	KLNVGDYFV	0	3	5542	5550
32069	1	90	10	1	0	1.30e-04	25.8	KLPDDFTGCV	0	2	7521	7530
32183	0	100	9	0	0	6.00e-03	21.2	KLSYGIATV	0	3	5470	5478
32240	0	100	9	0	0	1.80e-04	25.4	KLWAQCVQL	0	3	3886	3894
32340	9	93	15	1	0	5.32e-09	38.9	KMKDLSPRWYFYYLG	0	2	9395	9409
32390	0	100	9	0	0	2.00e-03	22.7	KMQRMLLEK	0	1	6814	6822
32508	1	100	17	0	0	1.72e-09	40.0	KNHTSPDVDLGDISGIN	1	0	8254	8270
32976	0	100	9	0	0	3.66e-04	24.6	KQFDTYNLW	0	2	6437	6445
33220	9	94	17	1	0	1.25e-07	35.0	KRTATKAYNVTQAFGRR	1	0	9556	9572
33305	1	82	17	3	0	3.71e-07	33.5	KSFTVEKGIYQTSNFRV	0	3	7401	7417
33669	9	100	15	0	0	6.80e-05	26.9	KTFPPTEPKKDKKKK	1	0	9656	9670
33874	1	94	17	1	0	2.73e-09	39.7	KTSVDCTMYICGDSTEC	1	0	7830	7846
34199	9	94	17	1	0	1.50e-01	17.7	KMSGKGQQQQGQTVTKK	1	0	9528	9544
35083	1	88	17	2	0	4.10e-08	36.2	LCPFGEVFNATRFASVY	1	0	7432	7448
36579	1	88	17	2	0	6.07e-08	35.8	LVKNKCVNFNFNGLTGT	1	0	7630	7646
36724	1	100	9	0	0	4.00e-03	21.6	LITGRLQSL	0	3	8093	8101
37289	1	100	9	0	0	7.00e-03	20.8	LLFNKVTLA	0	1	7918	7926
37290	1	88	26	3	0	8.61e-14	53.1	LLFNKVTLADAGFIKQYGDCLGDIAA	1	0	7918	7943
37473	9	100	9	0	0	3.00e-03	21.9	LLLDRLNQL	0	3	9517	9525
37583	0	100	9	0	0	4.00e-03	21.6	LLMPILTLT	0	2	4632	4640
37611	9	100	18	0	0	8.57e-10	41.2	LLNKHIDAYKTFPPTEPK	0	1	9647	9664
37640	9	100	6	0	0	2.10e-01	16.2	LLPAAD	2	0	9689	9694
37641	9	83	18	3	0	1.85e-07	34.7	LLPAADLDDFSKQLQQSM	1	0	9689	9706
37724	1	100	9	0	0	1.00e-03	23.1	LLQYGSFCT	0	2	7850	7858
37766	0	100	9	0	0	4.00e-03	21.6	LLSAGIFGA	0	4	1148	1156
38014	4	88	18	2	0	1.49e-07	35.0	LLESELVIGAVILRGHLR	1	0	8854	8871
38015	4	86	30	4	0	2.54e-16	59.7	LLESELVIGAVILRGHLRIAGHHLGRCDIK	1	0	8854	8883
38043	0	100	9	0	0	3.00e-03	21.9	LMIERFVSL	0	1	5246	5254
38118	1	94	17	1	0	1.10e-09	40.8	LMSFPQSAPHGVVFLHV	1	0	8146	8162
38249	9	100	17	0	0	7.06e-09	38.5	LNKHIDAYKTFPPTEPK	1	0	9648	9664
38648	9	100	10	0	0	7.29e-04	23.9	LPQGTTLPKG	1	0	9456	9465
38657	9	100	8	0	0	2.70e-02	19.2	LPQRQKKQ	2	0	9677	9684
38874	0	100	9	0	0	2.00e-03	22.3	LQLGFSTGV	0	2	6032	6040
38881	9	100	9	0	0	6.00e-03	21.2	LQLPQGTTL	0	2	9454	9462
39023	1	94	17	1	0	1.51e-08	37.4	LQYGSFCTQLNRALTGI	1	0	7851	7867
39141	4	88	18	2	0	1.28e-09	40.8	LRIAGHHLGRCDIKDLPK	1	0	8870	8887
40075	1	81	16	3	0	2.42e-07	33.9	LTPTWRVYSTGSNVFQ	1	0	7726	7741
40389	4	85	21	3	0	1.25e-08	38.1	LVIGAVILRGHLRIAGHHLGR	1	0	8859	8879
40459	0	100	9	0	0	7.00e-03	20.8	LVLSVNPYV	0	2	5365	5373
41122	9	80	25	5	0	2.90e+01	12.7	MAGNGGDAALALLLLDRLNQLESKM	0	1	9505	9529
41177	1	100	17	0	0	2.60e-09	39.7	MAYRFNGIGVTQNVLYE	1	0	7999	8015
41461	9	94	17	1	0	3.38e-08	36.6	MEVTPSGTWLTYTGAIK	1	0	9617	9633
41984	1	82	17	3	0	6.83e-08	35.8	LLKYNENGTITDAVDCA	1	0	7373	7389
42093	0	100	9	0	0	2.29e-05	28.1	MLWCKDGHV	0	2	6782	6790
42128	0	100	9	0	0	2.00e-03	22.3	MMISAGFSL	0	2	6425	6433
42260	0	100	9	0	0	1.60e-04	25.4	MPASWVMRI	0	3	3655	3663
42972	0	100	10	0	0	9.84e-05	26.2	MVMCGGSLYV	0	4	5058	5067
42999	1	93	16	1	0	1.50e-09	40.4	MVTIMLCCMTSCCSCL	1	0	8326	8341
43893	1	82	17	3	0	2.80e-06	31.2	NFNGLTGTGVLTESNKK	1	0	7639	7655
43894	1	83	18	3	0	4.74e-07	33.5	NFNGLTGTGVLTESNKKF	0	1	7639	7656
44814	1	100	9	0	0	4.00e-03	21.6	NLNESLIDL	0	3	8289	8297
44927	0	100	9	0	0	2.65e-04	25.0	NLWNTFTRL	0	2	6443	6451
45000	0	100	9	0	0	3.00e-03	21.9	NMLRIMASL	0	2	5020	5028
46198	9	94	18	1	0	6.06e-09	38.9	NTNSSPDDQIGYYRRATR	1	0	9370	9387
46379	1	88	17	2	0	1.60e-08	37.4	NVFQTRAGCLIGAEHVN	1	0	7738	7754
46522	1	82	17	3	0	6.96e-08	35.8	NVYADSFVIRGDEVRQI	1	0	7491	7507
46822	1	81	32	6	0	9.55e-18	64.7	PAICHDGKAHFPREGVFVSNGTHWFVTQRNFY	1	0	8176	8207
47479	1	100	17	0	0	8.35e-10	41.2	PFAMQMAYRFNGIGVTQ	1	0	7994	8010
47823	1	88	17	2	0	2.16e-09	40.0	PHGVVFLHVTYVPAQEK	1	0	8154	8170
48052	4	100	17	0	0	2.12e-08	37.4	PKEITVATSRTLSYYKL	1	0	8886	8902
48067	9	100	18	0	0	8.05e-09	38.5	PKGFYAEGSRGGSQASSR	1	0	9463	9480
48131	9	100	17	0	0	2.39e-09	40.0	KQRRPQGLPNNTASWFT	1	0	9333	9349
48382	1	86	15	2	0	1.02e-06	32.3	PSKPSKRSFIEDLLF	3	0	7906	7920
48383	1	88	17	2	0	4.94e-08	36.2	PSKPSKRSFIEDLLFNK	1	0	7906	7922
48995	9	88	18	2	0	5.39e-09	38.9	PNFKDQVILLNKHIDAYK	0	1	9639	9656
49557	1	87	16	2	0	4.44e-08	36.2	SVYAWNRKRISNCVAD	1	0	7446	7461
49968	1	89	19	2	0	1.11e-09	40.8	PVSMTKTSVDCTMYICGDS	1	0	7825	7843
50058	1	94	17	1	0	1.75e-10	43.1	PWYIWLGFIAGLIAIVM	1	0	8310	8326
50311	1	100	17	0	0	6.90e-08	35.8	QALNTLVKQLSSNFGAI	1	1	8054	8070
50741	9	100	17	0	0	1.53e-08	37.7	QFAPSASAFFGMSRIGM	1	0	9601	9617
50779	9	87	8	1	0	6.70e-02	18.1	FKDQVILL	0	4	9641	9648
50781	9	93	16	1	0	6.32e-08	35.8	FKDQVILLNKHIDAYK	1	0	9641	9656
50965	9	100	8	0	0	8.58e-04	23.5	QGTDYKHW	4	0	9589	9596
51074	9	94	18	1	0	5.44e-09	38.9	QIGYYRRATRRIRGGDGK	1	0	9378	9395
51097	1	92	26	2	0	5.71e-14	53.5	QILPDPSKPSKRSFIEDLLFNKVTLA	2	0	7901	7926
51250	9	93	15	1	0	3.21e-06	30.8	QKRTATKAYNVTQAF	0	2	9555	9569
51379	1	100	17	0	0	5.67e-08	35.8	QLIRAAEIRASANLAAT	1	0	8108	8124
51443	0	100	10	0	0	1.00e-04	26.2	QLMCQPILLL	0	3	2563	2572
51456	1	82	17	3	0	2.39e-07	34.3	QLNRALTGIAVEQDKNT	1	0	7859	7875
51483	9	100	15	0	0	1.06e-07	35.0	QLPQGTTLPKGFYAE	4	0	9455	9469
51484	9	100	18	0	0	1.20e-09	40.8	QLPQGTTLPKGFYAEGSR	1	0	9455	9472
51485	9	100	22	0	0	6.14e-12	47.4	QLPQGTTLPKGFYAEGSRGGSQ	1	0	9455	9476
51874	9	87	16	2	0	2.93e-05	28.1	QALPQRQKKQQTVTLL	1	0	9675	9690
52020	1	100	6	0	0	3.00e-02	18.5	QQFGRD	1	0	7660	7665
52117	9	100	18	0	0	1.22e-07	35.0	QQQGQTVTKKSAAEASKK	1	0	9535	9552
52129	9	100	10	0	0	6.00e-03	21.2	QQQQGQTVTK	0	3	9534	9543
52244	9	86	23	3	0	2.14e-10	43.1	QRQKKQQTVTLLPAADLDDFSKQ	2	0	9679	9701
52389	9	87	16	2	0	3.10e-07	33.9	NQRNAPRITFGGPSDS	1	0	9303	9318
53202	1	100	17	0	0	1.06e-08	38.1	RASANLAATKMSECVLG	1	0	8116	8132
53758	9	90	20	2	0	4.70e-10	42.0	KFPRGQGVPINTNSSPDDQI	1	0	9360	9379
53933	9	94	17	1	0	1.69e-08	37.4	RGPEQTQGNFGDQELIR	1	0	9572	9588
54183	0	100	9	0	0	4.35e-04	24.3	RILGAGCFV	0	2	5228	5236
54507	1	100	9	0	0	3.00e-03	21.9	RLDKVEAEV	0	1	8080	8088
54599	1	100	17	0	0	1.56e-08	37.4	RLITGRLQSLQTYVTQQ	1	0	8092	8108
54680	1	100	9	0	0	3.00e-03	21.9	RLNEVAKNL	0	12	8282	8290
54847	0	100	9	0	0	1.00e-03	23.1	RLYYDSMSY	0	3	4905	4913
54989	1	82	17	3	0	1.72e-08	37.4	KNFTTAPAICHDGKAHF	1	0	8170	8186
55196	9	94	18	1	0	3.57e-09	39.3	RSKQRRPQGLPNNTASWF	1	0	9331	9348
55444	0	100	9	0	0	3.00e-03	21.6	RQLLFVVEV	0	4	4859	4867
55683	9	100	15	0	0	3.58e-08	36.2	RRPQGLPNNTASWFT	0	1	9335	9349
55799	9	88	9	1	0	6.00e-03	21.2	RNAPRITFG	5	0	9305	9313
56252	1	100	9	0	0	9.15e-05	26.2	RVDFCGKGY	0	2	8136	8144
56634	4	100	9	0	0	1.00e-03	23.1	RYRIGNYKL	0	2	8919	8927
57395	3	100	9	0	0	1.30e-02	20.0	SEETGTLIV	0	1	8652	8660
57592	1	100	10	0	0	6.25e-04	23.9	SEPVLKGVKL	0	2	8358	8367
58001	1	92	14	1	0	3.44e-07	33.9	IVRFPNITNLCPFG	1	0	7423	7436
58143	1	94	17	1	0	3.31e-08	36.6	SGNCDVVIGIVNNTVYD	1	0	8220	8236
58730	1	88	9	1	0	1.60e-02	19.6	SIIAYTMSL	0	2	7788	7796
58868	9	93	16	1	0	1.10e-06	32.3	SKKPRQKRTATKAYNV	1	0	9550	9565
59162	1	100	17	0	0	5.87e-10	41.6	SLIDLQELGKYEQYIKW	0	1	8293	8309
59425	1	100	17	0	0	1.57e-08	37.4	SLQTYVTQQLIRAAEIR	1	0	8100	8116
60669	9	100	16	0	0	2.17e-05	28.5	SRGGSQASSRSSSRSR	1	0	9471	9486
61254	0	100	9	0	0	5.00e-03	21.2	SSNVANYQK	0	2	5587	5595
61516	1	85	14	2	0	1.82e-07	34.3	AIHADQLTPTWRVY	1	0	7720	7733
61554	1	80	15	3	0	8.65e-06	29.6	STNLVKNKCVNFNFN	0	1	7627	7641
61598	1	82	17	3	0	5.15e-06	30.4	SASFSTFKCYGVSPTKL	0	4	7468	7484
62872	1	94	17	1	0	2.05e-09	40.0	TSGWTFGAGAALQIPFA	1	0	7980	7996
62908	1	94	17	1	0	1.01e-07	35.0	SALGKLQDVVNQNAQAL	1	0	8040	8056
63165	4	80	15	3	0	9.67e-06	29.6	TDHSSSSDNIALLVQ	3	0	8929	8943
63309	1	94	17	1	0	1.65e-08	37.4	TECSNLLLQYGSFCTQL	1	3	7844	7860
63494	9	86	23	3	0	8.14e-05	27.3	TEPKKDKKKKADETQALPQRQKK	1	0	9661	9683
63729	9	100	8	0	0	2.40e-02	19.2	TFPPTEPK	2	0	9657	9664
64710	4	100	10	0	0	7.00e-03	21.2	TLACFVLAAV	0	2	8782	8791
64850	0	100	9	0	0	2.00e-03	22.3	TLIGDCATV	0	2	6908	6916
64888	1	87	16	2	0	4.10e-07	33.5	IKDFGGFNFSQILPDP	1	0	7891	7906
65132	0	100	9	0	0	5.82e-04	23.9	TLVPQEHYV	0	3	5563	5571
65764	9	93	15	1	0	1.35e-06	32.0	TPSGTWLTYTGAIKL	0	1	9620	9634
65832	1	82	17	3	0	6.83e-07	32.7	TQDLFLPFFSNVTWFHA	1	0	7148	7164
65906	1	100	10	0	0	7.44e-04	23.9	TQNVLYENQK	0	1	8009	8018
66094	9	88	18	2	0	3.23e-08	36.6	TRRIRGGDGKMKDLSPRW	1	0	9386	9403
66409	4	100	16	0	0	2.15e-07	34.3	TSRTLSYYKLGASQRV	1	0	8893	8908
66710	0	100	9	0	0	5.00e-03	21.2	TTLPVNVAF	0	3	6499	6507
67220	1	100	17	0	0	1.25e-09	40.4	TVYDPLQPELDSFKEEL	1	0	8233	8249
67276	9	88	18	2	0	1.02e-08	38.1	TWLTYTGAIKLDDKDPNF	0	1	9624	9641
67277	9	88	25	3	0	3.15e-13	51.2	TWLTYTGAIKLDDKDPNFKDQVILL	0	1	9624	9648
68971	1	94	17	1	0	1.79e-08	37.4	VIGIVNNTVYDPLQPEL	1	0	8226	8242
69129	1	81	16	3	0	7.69e-06	29.6	VITPGTNTSNQVAVLY	1	0	7694	7709
69392	0	100	9	0	0	1.00e-03	23.1	VLAWLYAAV	0	2	3467	3475
69657	1	100	9	0	0	4.00e-03	21.6	VLNDILSRL	0	2	8073	8081
69699	1	82	17	3	0	3.34e-07	33.9	VLPPLLTDEMIAQYTSA	1	0	7957	7973
69716	0	100	9	0	0	2.00e-03	22.3	VLQAVGACV	0	2	5322	5330
69760	1	94	17	1	0	2.33e-08	37.0	VLSFELLHAPATVCGPK	1	0	7609	7625
69850	0	100	9	0	0	1.51e-04	25.4	VLWAHGFEL	0	3	6109	6117
69865	1	88	17	2	0	1.04e-06	32.3	VLYENQKLIANQFNSAI	1	0	8012	8028
70719	1	100	17	0	0	2.11e-09	40.0	VRFPNITNLCPFGEVFN	1	0	7424	7440
71189	1	82	17	3	0	7.18e-06	30.0	VSVITPGTNTSNQVAVL	1	0	7692	7708
71191	1	80	50	10	0	1.99e-25	87.4	VSVITPGTNTSNQVAVLYQGVNCTEVPVAIHADQLTPTWRVYSTGSNVFQ	1	0	7692	7741
71589	1	88	17	2	0	8.39e-08	35.4	VTYVPAQEKNFTTAPAI	1	0	8162	8178
71635	0	100	9	0	0	1.00e-03	23.5	VVDKYFDCY	0	2	4867	4875
71663	1	100	9	0	0	2.00e-03	22.7	VVFLHVTYV	0	1	8157	8165
71917	0	100	9	0	0	3.00e-03	21.6	VVYRGTTTY	0	2	5533	5541
72435	9	88	17	2	0	7.71e-09	38.5	WFTALTQHGKEDLKFPR	1	0	9347	9363
72816	9	88	17	2	0	2.72e-08	37.0	WLTYTGAIKLDDKDPNF	1	0	9625	9641
73036	1	82	17	3	0	2.57e-08	37.0	WRVYSTGSNVFQTRAGC	1	0	7730	7746
73668	6	100	10	0	0	1.87e-05	28.1	YEGNSPFHPL	0	2	9046	9055
74173	1	94	17	1	0	1.69e-09	40.0	YICGDSTECSNLLLQYG	1	0	7838	7854
74209	0	100	9	0	0	8.33e-04	23.5	YIFFASFYY	0	4	2384	2392
74517	9	100	16	0	0	4.99e-06	30.4	YKTFPPTEPKKDKKKK	0	1	9655	9670
74593	0	100	9	0	0	1.00e-03	23.5	YLDAYNMMI	0	2	6419	6427
74684	9	93	16	1	0	1.93e-07	34.3	YLGTGPEAGLPYGANK	1	0	9407	9422
74850	0	100	9	0	0	1.30e-02	20.0	YLNTLTLAV	0	2	6851	6859
75235	9	100	19	0	0	1.22e-10	43.5	YNVTQAFGRRGPEQTQGNF	1	0	9563	9581
75508	0	100	9	0	0	5.34e-04	23.9	YQKVGMQKY	0	2	5593	5601
75920	1	88	17	2	0	4.99e-07	33.1	YSVLYNSASFSTFKCYG	1	0	7462	7478
76266	0	100	9	0	0	2.00e-03	22.3	YVFCTVNAL	0	2	5679	5687
99899	1	94	18	1	0	2.34e-09	40.0	AQKFNGLTVLPPLLTDEM	0	1	7949	7966
100048	1	100	16	0	0	4.13e-09	38.9	GAALQIPFAMQMAYRF	0	1	7988	8003
100057	1	83	18	3	0	5.49e-09	38.9	GFIKQYGDCLGDIAARDL	0	1	7929	7946
100300	1	100	16	0	0	1.66e-08	37.4	MAYRFNGIGVTQNVLY	0	1	7999	8014
100428	1	100	18	0	0	1.29e-08	37.7	QLIRAAEIRASANLAATK	0	2	8108	8125
100665	1	87	16	2	0	7.74e-07	32.7	TQDLFLPFFSNVTWFH	0	1	7148	7163
100711	1	88	18	2	0	9.62e-10	40.8	AGCLIGAEHVNNSYECDI	0	1	7744	7761
100879	4	86	15	2	0	9.40e-08	35.0	GHLRIAGHHLGRCDI	0	1	8868	8882
101126	2	80	15	3	0	4.56e-07	33.1	PIQASLPFGWLIVGV	0	1	8406	8420
125100	9	100	8	0	0	6.00e-03	21.2	ILLNKHID	0	1	9646	9653
156841	2	80	15	3	0	3.25e-04	25.0	ALLAVFQSASKIITL	0	1	8421	8435
190494	9	100	10	0	0	1.18e-04	26.2	MEVTPSGTWL	0	3	9617	9626
190533	9	93	15	1	0	1.33e-07	34.7	RRPQGLPNNTASWFT	0	1	9335	9349
534068	9	90	10	1	0	1.10e-02	20.4	TKAYNVTQAF	0	2	9560	9569
558417	1	100	28	0	0	8.62e-17	61.6	EIDRLNEVAKNLNESLIDLQELGKYEQY	1	0	8279	8306
558456	1	85	7	1	0	1.10e-01	16.9	LYQGVNC	1	0	7708	7714
558457	1	87	8	1	0	3.00e-02	18.9	LYQGVNCT	1	0	7708	7715
1070805	1	94	18	1	0	5.23e-09	38.9	KPSKRSFIEDLLFNKVTL	1	0	7908	7925
1071723	1	100	18	0	0	1.49e-09	40.4	PATVCGPKKSTNLVKNKC	1	0	7618	7635
1071808	1	100	18	0	0	1.01e-09	40.8	PSKPSKRSFIEDLLFNKV	2	0	7906	7923
1073281	1	100	18	0	0	4.44e-10	42.0	TESNKKFLPFQQFGRDIA	2	0	7650	7667
1074838	1	100	13	0	0	2.14e-05	28.5	AEIRASANLAATK	0	3	8113	8125
1074839	0	100	13	0	0	2.22e-05	28.1	AELAKNVSLDNVL	0	2	2618	2630
1074840	1	100	43	0	0	6.35e-28	94.0	AGCLIGAEHVNNSYECDIPIGAGICASYQTQTNSPRRARSVAS	0	1	7744	7786
1074842	4	100	11	0	0	1.00e-03	23.5	AIAMACLVGLM	0	2	8802	8812
1074843	0	100	11	0	0	1.00e-03	23.1	AIILASFSAST	0	2	474	484
1074845	0	100	14	0	0	8.99e-07	32.3	ALRKVPTDNYITTY	0	3	1316	1329
1074846	2	100	9	0	0	2.00e-03	22.3	ALSKGVHFV	0	3	8442	8450
1074847	1	100	13	0	0	4.13e-07	33.1	APHGVVFLHVTYV	0	4	8153	8165
1074848	0	100	13	0	0	2.82e-06	30.8	APKEIIFLEGETL	0	2	735	747
1074854	1	100	11	0	0	4.19e-04	24.6	AQALNTLVKQL	0	2	8053	8063
1074855	1	100	43	0	0	3.65e-24	83.6	ARSVASQSIIAYTMSLGAENSVAYSNNSIAIPTNFTISVTTEI	0	1	7781	7823
1074856	0	100	13	0	0	3.94e-06	30.4	ASFNYLKSPNFSK	0	2	2213	2225
1074859	9	100	13	0	0	1.64e-05	28.9	ATEGALNTPKDHI	0	2	9429	9441
1074860	2	100	38	0	0	1.19e-22	77.4	ATIPIQASLPFGWLIVGVALLAVFQSASKIITLKKRWQ	0	1	8403	8440
1074862	4	100	9	0	0	6.00e-03	21.2	AVILRGHLR	0	2	8863	8871
1074863	0	100	11	0	0	4.96e-05	26.9	AYILFTRFFYV	0	3	2330	2340
1074864	9	100	11	0	0	4.15e-04	24.6	AYKTFPPTEPK	0	2	9654	9664
1074865	1	100	17	0	0	9.07e-08	35.4	AYSNNSIAIPTNFTISV	0	3	7803	7819
1074866	1	100	10	0	0	1.84e-04	25.4	CALDPLSETK	0	2	7388	7397
1074869	1	100	12	0	0	5.44e-06	30.0	CTFEYVSQPFLM	0	2	7263	7274
1074871	1	100	43	0	0	2.15e-26	89.7	DLGDISGINASVVNIQKEIDRLNEVAKNLNESLIDLQELGKYE	0	1	8262	8304
1074872	1	100	14	0	0	5.01e-07	33.1	DLPIGINITRFQTL	0	2	7325	7338
1074873	9	100	38	0	0	3.04e-25	85.9	DLSPRWYFYYLGTGPEAGLPYGANKDGIIWVATEGALN	0	1	9398	9435
1074874	2	100	9	0	0	1.00e-03	23.1	EEHVQIHTI	0	2	8611	8619
1074875	4	100	18	0	0	8.23e-09	38.5	EELKKLLEQWNLVIGFLF	0	2	8732	8749
1074876	1	100	10	0	0	1.57e-04	25.8	EILDITPCSF	0	3	7680	7689
1074877	1	100	43	0	0	8.31e-32	105.0	ELGKYEQYIKWPWYIWLGFIAGLIAIVMVTIMLCCMTSCCSCL	0	1	8299	8341
1074880	6	100	15	0	0	3.86e-08	35.8	FAFACPDGVKHVYQL	0	2	9069	9083
1074883	1	100	43	0	0	4.38e-26	89.0	FASTEKSNIIRGWIFGTTLDSKTQSLLIVNNATNVVIKVCEFQ	0	1	7189	7231
1074884	1	100	11	0	0	1.24e-05	28.9	FCNDPFLGVYY	0	3	7232	7242
1074885	1	100	14	0	0	1.19e-06	32.0	FGEVFNATRFASVY	0	2	7435	7448
1074887	0	100	13	0	0	4.65e-06	30.0	FLCLFLLPSLATV	0	3	3635	3647
1074888	1	100	14	0	0	4.61e-08	35.8	FLPFFSNVTWFHAI	0	3	7152	7165
1074889	4	100	18	0	0	6.36e-09	38.9	FLWLLWPVTLACFVLAAV	0	4	8774	8791
1074890	1	100	43	0	0	2.93e-25	86.7	FNGIGVTQNVLYENQKLIANQFNSAIGKIQDSLSSTASALGKL	0	1	8003	8045
1074891	1	100	11	0	0	1.22e-05	28.9	FPQSAPHGVVF	0	2	8149	8159
1074895	9	100	9	0	0	6.00e-03	21.2	FSKQLQQSM	0	3	9698	9706
1074896	6	100	35	0	0	3.06e-23	75.5	FSTQFAFACPDGVKHVYQLRARSVSPKLFIRQEEV	0	1	9065	9099
1074897	0	100	14	0	0	3.67e-08	36.2	FTEQPIDLVPNQPY	0	1	1907	1920
1074898	1	100	10	0	0	5.00e-03	21.2	FTISVTTEIL	0	2	7815	7824
1074899	2	100	19	0	0	1.50e-08	37.7	FVCNLLLLFVTVYSHLLLV	0	4	8449	8467
1074900	1	100	9	0	0	7.51e-04	23.5	FVFKNIDGY	0	2	7289	7297
1074901	2	100	10	0	0	2.00e-03	22.7	FVRATATIPI	0	3	8398	8407
1074903	9	100	16	0	0	1.21e-07	35.0	GDAALALLLLDRLNQL	0	3	9510	9525
1074904	0	100	16	0	0	1.02e-09	40.8	GDCEEEEFEPSTQYEY	0	2	934	949
1074907	1	100	43	0	0	1.06e-28	96.3	GFIKQYGDCLGDIAARDLICAQKFNGLTVLPPLLTDEMIAQYT	0	1	7929	7971
1074908	2	100	27	0	0	8.44e-15	55.8	GLEAPFLYLYALVYFLQSINFVRIIMR	0	4	8470	8496
1074910	9	100	13	0	0	1.06e-06	32.0	GMEVTPSGTWLTY	0	3	9616	9628
1074911	9	100	15	0	0	1.98e-07	34.3	GMSRIGMEVTPSGTW	0	3	9611	9625
1074912	8	100	12	0	0	1.08e-05	28.9	GNYTVSCLPFTI	0	3	9247	9258
1074914	9	100	10	0	0	1.00e-03	23.1	GTGPEAGLPY	0	2	9409	9418
1074915	1	100	9	0	0	4.87e-05	26.9	GTHWFVTQR	0	2	8196	8204
1074916	1	100	9	0	0	6.13e-04	23.9	GTITSGWTF	0	3	7977	7985
1074917	9	100	38	0	0	3.25e-24	83.2	GVPINTNSSPDDQIGYYRRATRRIRGGDGKMKDLSPRW	0	1	9366	9403
1074918	1	100	12	0	0	7.51e-06	29.6	GYQPYRVVVLSF	0	3	7601	7612
1074919	4	100	11	0	0	1.20e-04	26.2	HLRIAGHHLGR	0	2	8869	8879
1074923	0	100	11	0	0	2.71e-05	27.7	HTDFSSEIIGY	0	3	2799	2809
1074924	0	100	11	0	0	6.97e-06	29.6	HTTDPSFLGRY	0	3	1636	1646
1074925	1	100	12	0	0	5.13e-06	30.0	HVTYVPAQEKNF	0	3	8161	8172
1074926	1	100	10	0	0	2.01e-04	25.4	IGAEHVNNSY	0	3	7748	7757
1074927	5	100	20	0	0	1.25e-10	41.2	ILLIIMRTFKVSIWNLDYII	0	3	8957	8976
1074928	1	100	10	0	0	1.37e-04	25.8	ILPDPSKPSK	0	2	7902	7911
1074929	1	100	43	0	0	1.94e-25	87.0	ILSRLDKVEAEVQIDRLITGRLQSLQTYVTQQLIRAAEIRASA	0	1	8077	8119
1074931	2	100	9	0	0	2.00e-03	22.3	IPIQASLPF	0	1	8405	8413
1074936	8	100	9	0	0	1.00e-03	23.1	IQYIDIGNY	0	2	9241	9249
1074941	0	100	14	0	0	3.91e-07	33.5	ITEEVGHTDLMAAY	0	3	2086	2099
1074942	2	100	11	0	0	7.73e-05	26.6	ITLKKRWQLAL	0	2	8433	8443
1074943	2	100	10	0	0	7.00e-03	20.8	IVGVALLAVF	0	3	8417	8426
1074945	1	100	10	0	0	1.93e-04	25.4	IYSKHTPINL	0	2	7300	7309
1074947	9	100	9	0	0	4.00e-03	21.6	KAYNVTQAF	0	2	9561	9569
1074948	1	100	43	0	0	7.38e-27	91.3	KDFGGFNFSQILPDPSKPSKRSFIEDLLFNKVTLADAGFIKQY	0	1	7892	7934
1074949	1	100	9	0	0	2.00e-03	22.7	KEIDRLNEV	0	3	8278	8286
1074950	9	100	10	0	0	7.43e-04	23.9	KFPRGQGVPI	0	2	9360	9369
1074951	1	100	18	0	0	1.27e-09	40.8	KLNDLCFTNVYADSFVIR	0	3	7483	7500
1074952	1	100	10	0	0	4.62e-05	27.3	KLPDDFTGCV	0	2	7521	7530
1074954	1	100	12	0	0	4.43e-06	30.0	KPFERDISTEIY	0	2	7559	7570
1074955	0	100	12	0	0	2.11e-05	28.1	KPLEFGATSAAL	0	3	958	969
1074959	1	100	12	0	0	3.44e-06	30.4	KQIYKTPPIKDF	0	2	7883	7894
1074961	1	100	11	0	0	5.87e-06	29.6	KSWMESEFRVY	0	3	7247	7257
1074962	1	100	10	0	0	3.66e-04	24.6	KTSVDCTMYI	0	2	7830	7839
1074963	1	100	43	0	0	7.11e-29	96.7	KVCEFQFCNDPFLGVYYHKNNKSWMESEFRVYSSANNCTFEYV	0	1	7226	7268
1074965	2	100	38	0	0	2.94e-26	87.0	LCWKCRSKNPLLYDANYFLCWHTNCYDYCIPYNSVTSS	0	1	8499	8536
1074966	5	100	9	0	0	2.10e-02	19.2	LDYIINLII	0	2	8972	8980
1074967	1	100	9	0	0	8.85e-04	23.5	LEPLVDLPI	0	2	7320	7328
1074969	1	100	12	0	0	1.17e-04	26.2	LGAENSVAYSNN	0	3	7796	7807
1074971	1	100	13	0	0	9.24e-06	29.3	LITGRLQSLQTYV	0	3	8093	8105
1074972	6	100	16	0	0	2.51e-08	36.2	LITLATCELYHYQECV	0	4	9015	9030
1074973	2	100	38	0	0	1.17e-22	77.4	LKKRWQLALSKGVHFVCNLLLLFVTVYSHLLLVAAGLE	0	1	8435	8472
1074974	1	100	9	0	0	2.00e-03	22.7	LLALHRSYL	0	2	7338	7346
1074975	0	100	10	0	0	6.42e-04	23.9	LLLDDFVEII	0	4	6749	6758
1074978	9	100	9	0	0	7.72e-04	23.5	LPAADLDDF	0	2	9690	9698
1074979	1	100	43	0	0	4.18e-28	94.7	LPDDFTGCVIAWNSNNLDSKVGGNYNYLYRLFRKSNLKPFERD	0	1	7522	7564
1074980	1	100	9	0	0	1.00e-03	22.7	LPPAYTNSF	0	2	7121	7129
1074981	1	100	8	0	0	7.00e-03	20.8	LPQGFSAL	0	2	7313	7320
1074985	4	100	13	0	0	5.24e-06	30.0	LQFAYANRNRFLY	0	2	8756	8768
1074986	1	100	11	0	0	1.84e-05	28.5	LQIPFAMQMAY	0	2	7991	8001
1074988	9	100	10	0	0	4.26e-06	30.0	LSPRWYFYYL	0	4	9399	9408
1074989	1	100	10	0	0	4.00e-03	21.6	LSSTASALGK	0	2	8035	8044
1074990	4	100	37	0	0	2.31e-24	81.3	LSYYKLGASQRVAGDSGFAAYSRYRIGNYKLNTDHSS	0	1	8897	8933
1074992	4	100	41	0	0	2.48e-26	86.3	MADSNGTITVEELKKLLEQWNLVIGFLFLTWICLLQFAYAN	0	1	8722	8762
1074993	2	100	10	0	0	5.20e-04	24.3	MDLFMRIFTI	0	2	8371	8380
1074994	2	100	38	0	0	9.30e-24	80.5	MDLFMRIFTIGTVTLKQGEIKDATPSDFVRATATIPIQ	0	1	8371	8408
1074995	5	100	31	0	0	6.91e-20	65.1	MFHLVDFQVTIAEILLIIMRTFKVSIWNLDY	0	1	8944	8974
1074996	10	100	16	0	0	1.15e-08	35.8	MGYINVFAFPFTIYSL	0	4	9715	9730
1074997	10	100	22	0	0	1.61e-13	48.1	MGYINVFAFPFTIYSLLLCRMN	0	1	9715	9736
1074998	1	100	43	0	0	1.24e-27	93.2	MIAQYTSALLAGTITSGWTFGAGAALQIPFAMQMAYRFNGIGV	0	1	7966	8008
1074999	7	100	25	0	0	3.99e-12	45.1	MIELSLIDFYLCFLAFLLFLVLIML	0	5	9128	9152
1075001	1	100	9	0	0	2.91e-04	24.6	NGVEGFNCY	0	2	7578	7586
1075002	1	100	10	0	0	2.99e-04	25.0	NLDSKVGGNY	0	1	7537	7546
1075003	2	100	13	0	0	2.41e-07	33.9	NPLLYDANYFLCW	0	4	8507	8519
1075005	1	100	9	0	0	3.00e-03	21.6	NQKLIANQF	0	3	8016	8024
1075008	0	100	15	0	0	1.21e-07	34.7	NRDVDTDFVNEFYAY	0	3	5126	5140
1075009	2	100	38	0	0	4.15e-23	78.6	NSVTSSIVITSGDGTTSPISEHDYQIGGYTEKWESGVK	0	1	8531	8568
1075010	9	100	13	0	0	2.05e-06	31.2	NTNSSPDDQIGYY	0	2	9370	9382
1075011	10	100	13	0	0	8.70e-06	28.1	NYIAQVDVVNFNL	0	2	9739	9751
1075012	1	100	11	0	0	1.37e-05	28.9	NYNYLYRLFRK	0	3	7545	7555
1075013	0	100	11	0	0	2.31e-04	25.4	NYSGVVTTVMF	0	3	3743	3753
1075014	8	100	37	0	0	1.25e-24	79.3	PLIELCVDEAGSKSPIQYIDIGNYTVSCLPFTINCQE	0	1	9226	9262
1075016	1	100	43	0	0	2.21e-27	92.4	PTNGVGYQPYRVVVLSFELLHAPATVCGPKKSTNLVKNKCVNF	0	1	7596	7638
1075017	6	100	10	0	0	1.00e-03	23.5	QECVRGTTVL	0	3	9027	9036
1075018	9	100	13	0	0	4.75e-07	33.1	QELIRQGTDYKHW	0	4	9584	9596
1075019	1	100	12	0	0	1.62e-05	28.5	QEVFAQVKQIYK	0	2	7876	7887
1075022	9	100	38	0	0	1.48e-24	84.0	QRRPQGLPNNTASWFTALTQHGKEDLKFPRGQGVPINT	0	1	9334	9371
1075023	1	100	43	0	0	9.30e-30	99.4	QSAPHGVVFLHVTYVPAQEKNFTTAPAICHDGKAHFPREGVFV	0	1	8151	8193
1075024	6	100	12	0	0	5.02e-05	27.3	RARSVSPKLFIR	0	2	9084	9095
1075025	1	100	12	0	0	5.12e-07	32.7	REGVFVSNGTHW	0	3	8188	8199
1075027	2	100	11	0	0	6.81e-04	23.9	RIFTIGTVTLK	0	3	8376	8386
1075028	9	100	10	0	0	3.00e-03	21.9	RIRGGDGKMK	0	2	9388	9397
1075029	1	100	9	0	0	8.68e-04	23.5	RISNCVADY	0	3	7454	7462
1075030	4	100	10	0	0	4.61e-04	24.3	RLFARTRSMW	0	2	8822	8831
1075031	1	100	9	0	0	1.00e-03	22.7	RLFRKSNLK	0	2	7551	7559
1075032	9	100	11	0	0	3.01e-04	25.0	RNPANNAAIVL	0	2	9444	9454
1075039	1	100	18	0	0	2.28e-10	42.7	RQIAPGQTGKIADYNYKL	0	4	7505	7522
1075041	1	100	15	0	0	2.70e-06	31.2	RSVASQSIIAYTMSL	0	3	7782	7796
1075042	8	100	10	0	0	3.70e-04	24.6	RVGARKSAPL	0	2	9218	9227
1075043	0	100	11	0	0	7.54e-05	26.6	SEISMDNSPNL	0	2	4112	4122
1075044	4	100	10	0	0	1.90e-02	19.6	SELVIGAVIL	0	3	8857	8866
1075045	1	100	14	0	0	3.22e-06	30.8	SETKCTLKSFTVEK	0	2	7394	7407
1075046	0	100	12	0	0	4.13e-06	30.4	SEVGPEHSLAEY	0	3	376	387
1075047	0	100	17	0	0	4.31e-09	38.9	SEYKGPITDVFYKENSY	0	2	1857	1873
1075055	10	100	14	0	0	6.07e-07	31.2	SLLLCRMNSRNYIA	0	2	9729	9742
1075056	3	100	9	0	0	5.00e-03	21.6	SLVKPSFYV	0	3	8696	8704
1075057	4	100	12	0	0	9.99e-06	29.3	SMWSFNPETNIL	0	3	8829	8840
1075058	0	100	15	0	0	5.05e-08	35.8	SNEKQEILGTVSWNL	0	2	1361	1375
1075062	9	100	9	0	0	1.10e-02	20.4	SSRGTSPAR	0	1	9496	9504
1075063	0	100	12	0	0	3.15e-05	27.7	SSTFNVPMEKLK	0	2	2599	2610
1075064	2	100	16	0	0	3.47e-08	36.6	STDTGVEHVTFFIYNK	0	3	8590	8605
1075065	1	100	10	0	0	5.78e-04	23.9	STQDLFLPFF	0	4	7147	7156
1075066	1	100	10	0	0	1.00e-03	23.1	SVLNDILSRL	0	3	8072	8081
1075068	1	100	43	0	0	1.97e-26	89.7	SVTTEILPVSMTKTSVDCTMYICGDSTECSNLLLQYGSFCTQL	0	1	7818	7860
1075069	4	100	11	0	0	5.11e-04	24.3	SYFIASFRLFA	0	4	8815	8825
1075070	1	100	16	0	0	1.31e-07	34.7	SYQTQTNSPRRARSVA	0	2	7770	7785
1075071	1	100	10	0	0	5.61e-05	26.9	TEKSNIIRGW	0	2	7192	7201
1075072	0	100	11	0	0	2.12e-04	25.4	TFYLTNDVSFL	0	2	3113	3123
1075074	8	100	34	0	0	2.56e-22	73.2	TINCQEPKLGSLVVRCSFYEDFLEYHDVRVVLDF	0	1	9257	9290
1075075	1	100	9	0	0	1.30e-02	20.0	TLDSKTQSL	0	3	7206	7214
1075076	0	100	11	0	0	3.31e-04	24.6	TLGVYDYLVST	0	3	3807	3817
1075077	1	100	43	0	0	4.83e-28	94.4	TLLALHRSYLTPGDSSSGWTAGAAAYYVGYLQPRTFLLKYNEN	0	1	7337	7379
1075079	1	100	9	0	0	1.00e-03	22.7	TPINLVRDL	0	2	7305	7313
1075081	4	100	41	0	0	1.33e-25	84.3	TRSMWSFNPETNILLNVPLHGTILTRPLLESELVIGAVILR	0	1	8827	8867
1075082	2	100	10	0	0	4.01e-04	24.6	TTSPISEHDY	0	3	8545	8554
1075083	4	100	12	0	0	1.78e-04	25.8	TVATSRTLSYYK	0	2	8890	8901
1075084	0	100	10	0	0	1.00e-03	22.7	TVLSFCAFAV	0	3	4265	4274
1075085	1	100	14	0	0	2.16e-07	33.9	TVYDPLQPELDSFK	0	2	8233	8246
1075086	2	100	38	0	0	1.81e-24	82.4	VAAGLEAPFLYLYALVYFLQSINFVRIIMRLWLCWKCR	0	1	8467	8504
1075088	1	100	14	0	0	1.11e-06	32.0	VEAEVQIDRLITGR	0	2	8084	8097
1075090	6	100	10	0	0	2.00e-03	22.7	VFITLCFTLK	0	3	9114	9123
1075092	2	100	14	0	0	2.00e-06	31.6	VLHSYFTSDYYQLY	0	4	8572	8585
1075093	1	100	15	0	0	1.27e-07	34.7	VLPFNDGVYFASTEK	0	3	7180	7194
1075094	1	100	15	0	0	7.14e-08	35.4	VLPPLLTDEMIAQYT	0	3	7957	7971
1075095	9	100	16	0	0	3.29e-08	36.6	VLQLPQGTTLPKGFYA	0	2	9453	9468
1075096	1	97	43	1	0	6.44e-27	91.3	VLYQGVNCTEVPVAIHADQLTPTWRVYSTGSNVFQTRAGCLIG	0	1	7707	7749
1075101	0	100	16	0	0	8.08e-09	38.1	VPHVGEIPVAYRKVLL	0	2	108	123
1075107	6	100	12	0	0	8.23e-05	26.6	VQELYSPIFLIV	0	2	9099	9110
1075108	1	100	19	0	0	1.60e-10	43.1	VQPTESIVRFPNITNLCPF	0	2	7417	7435
1075110	5	100	9	0	0	5.40e-02	18.5	VTIAEILLI	0	2	8952	8960
1075111	1	100	12	0	0	1.83e-05	28.5	VYSSANNCTFEY	0	3	7256	7267
1075112	1	100	12	0	0	4.03e-05	27.3	VYSTGSNVFQTR	0	3	7732	7743
1075113	1	100	14	0	0	1.42e-07	34.7	VYYPDKVFRSSVLH	0	3	7133	7146
1075114	2	100	38	0	0	6.32e-24	80.9	WESGVKDCVVLHSYFTSDYYQLYSTQLSTDTGVEHVTF	0	1	8563	8600
1075115	4	100	9	0	0	7.42e-04	23.9	WICLLQFAY	0	3	8752	8760
1075116	1	100	10	0	0	7.89e-05	26.6	WIFGTTLDSK	0	2	7201	7210
1075117	1	100	12	0	0	1.54e-06	31.6	WTAGAAAYYVGY	0	2	7355	7366
1075118	1	100	43	0	0	1.41e-27	93.2	YAWNRKRISNCVADYSVLYNSASFSTFKCYGVSPTKLNDLCFT	0	1	7448	7490
1075119	8	100	14	0	0	1.10e-06	32.0	YEDFLEYHDVRVVL	0	3	9275	9288
1075120	1	100	11	0	0	1.45e-07	34.3	YEQYIKWPWYI	0	4	8303	8313
1075121	1	100	9	0	0	1.00e-03	23.5	YFPLQSYGF	0	2	7586	7594
1075122	1	100	10	0	0	9.13e-05	26.2	YHLMSFPQSA	0	2	8144	8153
1075123	0	100	11	0	0	2.27e-04	25.4	YLKLTDNVYIK	0	3	1031	1041
1075124	4	100	41	0	0	4.41e-26	85.9	YRINWITGGIAIAMACLVGLMWLSYFIASFRLFARTRSMWS	0	1	8792	8832
1075125	1	100	14	0	0	6.64e-06	30.0	YSVLYNSASFSTFK	0	3	7462	7475
1075126	0	100	10	0	0	1.00e-03	23.1	YTMADLVYAL	0	4	4514	4523
1075127	8	100	12	0	0	4.62e-06	30.0	YVVDDPCPIHFY	0	3	9201	9212
1075128	3	100	9	0	0	5.00e-03	21.6	YVYSRVKNL	0	2	8703	8711
1075129	0	100	12	0	0	3.11e-06	30.8	YYRARAGEAANF	0	2	1699	1710
1075130	9	100	10	0	0	5.61e-04	24.3	YYRRATRRIR	0	3	9381	9390
1075131	1	100	13	0	0	6.79e-07	32.7	YYVGYLQPRTFLL	0	3	7362	7374
1087314	4	100	14	0	0	5.41e-07	33.1	ASQRVAGDSGFAAY	0	3	8904	8917
1087344	0	100	11	0	0	3.32e-05	27.7	FADDLNQLTGY	0	2	1937	1947
1087346	1	100	9	0	0	7.65e-04	23.5	FQPTNGVGY	0	3	7594	7602
1087354	1	100	9	0	0	4.00e-03	21.6	GPKKSTNLV	0	1	7623	7631
1087356	4	100	9	0	0	4.00e-03	21.6	GTITVEELK	0	1	8727	8735
1087357	5	100	14	0	0	3.57e-06	29.6	IIKNLSKSLTENKY	0	2	8979	8992
1087359	1	100	11	0	0	2.49e-05	28.1	IPIGAGICASY	0	2	7761	7771
1087360	2	100	10	0	0	2.00e-03	22.3	IPYNSVTSSI	0	2	8528	8537
1087368	9	100	9	0	0	1.00e-03	23.1	KMKDLSPRW	0	2	9395	9403
1087375	4	100	10	0	0	8.56e-04	23.5	LAAVYRINWI	0	1	8788	8797
1087377	9	100	9	0	0	5.51e-04	23.9	LPNNTASWF	0	2	9340	9348
1087379	0	100	13	0	0	5.28e-06	30.0	LSDDAVVCFNSTY	0	2	5150	5162
1087385	1	100	8	0	0	3.40e-02	18.9	NLTTRTQL	0	2	7114	7121
1087399	1	100	9	0	0	2.49e-04	25.0	RFDNPVLPF	0	1	7175	7183
1087403	2	100	14	0	0	3.21e-08	36.6	SEHDYQIGGYTEKW	0	3	8550	8563
1087406	6	100	13	0	0	9.35e-07	32.0	SPFHPLADNKFAL	0	2	9050	9062
1087408	1	100	10	0	0	7.37e-04	23.9	TEILPVSMTK	0	1	7821	7830
1087411	1	100	10	0	0	7.81e-04	23.5	TQLNRALTGI	0	1	7858	7867
1087413	0	100	14	0	0	4.84e-06	30.0	TSDLATNNLVVMAY	0	2	587	600
1087414	1	100	9	0	0	7.00e-03	20.8	TSNQVAVLY	0	3	7701	7709
1087430	2	100	9	0	0	7.00e-03	20.8	YYQLYSTQL	0	2	8581	8589
